Sitemap Type,URL,Last Modified,Change Frequency,Priority
"post","https://sportsorthopedics.in/meniscus-tear-grades/","2025-04-04T08:27:02+00:00","",""
"post","https://sportsorthopedics.in/acromioclavicular-reconstruction/","2025-03-31T08:06:45+00:00","",""
"post","https://sportsorthopedics.in/total-knee-replacement-exercises/","2025-03-28T11:19:44+00:00","",""
"post","https://sportsorthopedics.in/revision-total-knee-replacement/","2025-03-27T06:23:57+00:00","",""
"post","https://sportsorthopedics.in/bucket-handle-lateral-meniscus-tear/","2025-03-27T06:22:47+00:00","",""
"post","https://sportsorthopedics.in/physical-therapy-for-acl-tear/","2025-03-27T06:22:05+00:00","",""
"post","https://sportsorthopedics.in/knee-arthritis-when-to-go-under-a-knife/","2025-03-17T12:58:50+00:00","",""
"post","https://sportsorthopedics.in/arthroscopic-lateral-release-procedure/","2025-03-17T12:56:56+00:00","",""
"post","https://sportsorthopedics.in/meniscus-repair-vs-meniscus-removal/","2025-03-17T12:53:00+00:00","",""
"post","https://sportsorthopedics.in/arthrex-acromioclavicular-reconstruction/","2025-03-17T12:50:11+00:00","",""
"post","https://sportsorthopedics.in/stages-of-avascular-necrosis/","2025-03-17T12:42:33+00:00","",""
"post","https://sportsorthopedics.in/arthroscopic-debridement-guide/","2025-03-03T10:17:11+00:00","",""
"post","https://sportsorthopedics.in/types-of-hip-replacement-implants/","2025-02-26T13:11:11+00:00","",""
"post","https://sportsorthopedics.in/core-decompression-for-avn/","2025-02-19T11:54:00+00:00","",""
"post","https://sportsorthopedics.in/insertional-achilles-tendinitis/","2025-02-13T12:44:05+00:00","",""
"post","https://sportsorthopedics.in/bunion-surgery-recovery/","2025-02-13T11:00:55+00:00","",""
"post","https://sportsorthopedics.in/stem-cell-acl-repair-cutting-edge-treatment-explained/","2025-02-05T09:25:51+00:00","",""
"post","https://sportsorthopedics.in/types-of-ankle-sprains-and-their-treatments-explained/","2025-02-05T09:25:21+00:00","",""
"post","https://sportsorthopedics.in/achilles-tendinopathy-recovery-time/","2025-02-05T09:24:52+00:00","",""
"post","https://sportsorthopedics.in/acl-and-mcl-reconstruction/","2025-02-05T09:24:33+00:00","",""
"post","https://sportsorthopedics.in/achilles-tendon-and-heel-pain-relation-causes-treatments/","2025-02-05T09:24:20+00:00","",""
"post","https://sportsorthopedics.in/knee-pain-in-athletes-causes-treatment-options-in-bangalore/","2025-02-05T09:23:31+00:00","",""
"post","https://sportsorthopedics.in/hamstring-strain/","2025-02-05T09:23:06+00:00","",""
"post","https://sportsorthopedics.in/history-of-sports-orthopaedics/","2025-02-05T09:22:56+00:00","",""
"post","https://sportsorthopedics.in/arthroscopic-bankart-repair-procedure/","2025-02-05T09:19:15+00:00","",""
"post","https://sportsorthopedics.in/holy-grail-of-exercises-for-our-young-enthusiasts/","2025-02-03T10:36:12+00:00","",""
"page","https://sportsorthopedics.in/","2025-02-05T13:52:01+00:00","",""
"page","https://sportsorthopedics.in/total-knee-replacement-in-bangalore/","2025-04-03T12:46:16+00:00","",""
"page","https://sportsorthopedics.in/acl-reconstruction-surgery-in-bangalore/","2025-03-26T11:25:13+00:00","",""
"page","https://sportsorthopedics.in/bookingpress-complete-payment/","2025-03-25T12:33:17+00:00","",""
"page","https://sportsorthopedics.in/my-bookings/","2025-03-25T12:27:00+00:00","",""
"page","https://sportsorthopedics.in/blogs/","2025-03-18T05:32:45+00:00","",""
"page","https://sportsorthopedics.in/clinical-videos/","2025-02-05T14:08:15+00:00","",""
"page","https://sportsorthopedics.in/gallery/","2025-02-05T14:07:22+00:00","",""
"page","https://sportsorthopedics.in/thank-you/","2025-02-05T14:04:54+00:00","",""
"page","https://sportsorthopedics.in/cancel-appointment/","2025-02-02T21:55:24+00:00","",""
"page","https://sportsorthopedics.in/appointment-cancellation-confirmation/","2025-02-02T21:55:07+00:00","",""
"page","https://sportsorthopedics.in/book-appointment/","2025-02-02T21:54:39+00:00","",""
"page","https://sportsorthopedics.in/cancel-payment/","2025-01-31T02:00:16+00:00","",""
"page","https://sportsorthopedics.in/appointment-reschedule/","2025-02-04T09:19:25+00:00","",""
"procedure-surgery","https://sportsorthopedics.in/procedure-surgery/","2025-03-24T06:45:00+00:00","",""
"procedure-surgery","https://sportsorthopedics.in/procedure-surgery/acl-reconstruction/","2025-03-24T06:45:00+00:00","",""
"procedure-surgery","https://sportsorthopedics.in/procedure-surgery/chondroplasty/","2025-02-07T12:10:01+00:00","",""
"procedure-surgery","https://sportsorthopedics.in/procedure-surgery/ucl-ligament-surgery-thumb/","2025-02-07T12:07:29+00:00","",""
"procedure-surgery","https://sportsorthopedics.in/procedure-surgery/ucl-ligament-surgery-elbow/","2025-02-07T12:05:27+00:00","",""
"procedure-surgery","https://sportsorthopedics.in/procedure-surgery/trigger-finger-treatment/","2025-02-07T12:02:50+00:00","",""
"procedure-surgery","https://sportsorthopedics.in/procedure-surgery/tfcc-ligament-surgery/","2025-02-07T11:57:45+00:00","",""
"procedure-surgery","https://sportsorthopedics.in/procedure-surgery/tennis-elbow-treatment/","2025-02-07T11:51:23+00:00","",""
"procedure-surgery","https://sportsorthopedics.in/procedure-surgery/subacromial-decompression/","2025-02-07T11:47:03+00:00","",""
"procedure-surgery","https://sportsorthopedics.in/procedure-surgery/stem-cell-therapy/","2025-02-07T11:44:10+00:00","",""
"procedure-surgery","https://sportsorthopedics.in/procedure-surgery/slap-repair/","2025-02-07T11:33:59+00:00","",""
"procedure-surgery","https://sportsorthopedics.in/procedure-surgery/rotator-cuff-repair/","2025-02-07T11:25:32+00:00","",""
"procedure-surgery","https://sportsorthopedics.in/procedure-surgery/revision-acl-reconstruction/","2025-02-07T10:59:04+00:00","",""
"procedure-surgery","https://sportsorthopedics.in/procedure-surgery/rehabilitation/","2025-02-07T10:21:15+00:00","",""
"procedure-surgery","https://sportsorthopedics.in/procedure-surgery/prp-injection-platelet-rich-plasma/","2025-02-07T10:14:59+00:00","",""
"procedure-surgery","https://sportsorthopedics.in/procedure-surgery/pectoralis-muscle-repair/","2025-02-07T10:11:08+00:00","",""
"procedure-surgery","https://sportsorthopedics.in/procedure-surgery/pcl-surgery/","2025-02-07T08:11:28+00:00","",""
"procedure-surgery","https://sportsorthopedics.in/procedure-surgery/mpfl-ligament-surgery/","2025-02-07T08:08:43+00:00","",""
"procedure-surgery","https://sportsorthopedics.in/procedure-surgery/meniscus-root-repair/","2025-02-07T08:05:05+00:00","",""
"procedure-surgery","https://sportsorthopedics.in/procedure-surgery/meniscal-transplant-surgery/","2025-02-07T08:01:32+00:00","",""
"procedure-surgery","https://sportsorthopedics.in/procedure-surgery/meniscal-repair/","2025-02-07T07:58:45+00:00","",""
"procedure-surgery","https://sportsorthopedics.in/procedure-surgery/mcl-surgery/","2025-02-07T07:52:54+00:00","",""
"procedure-surgery","https://sportsorthopedics.in/procedure-surgery/lets-lateral-extra-articular-tenodesis/","2025-02-07T07:50:20+00:00","",""
"procedure-surgery","https://sportsorthopedics.in/procedure-surgery/lcl-surgery/","2025-02-07T07:47:00+00:00","",""
"procedure-surgery","https://sportsorthopedics.in/procedure-surgery/latarjet-procedure-shoulder/","2025-02-07T07:43:19+00:00","",""
"procedure-surgery","https://sportsorthopedics.in/procedure-surgery/knee-replacement/","2025-02-07T07:38:59+00:00","",""
"procedure-surgery","https://sportsorthopedics.in/procedure-surgery/knee-ganglion-cyst-excision/","2025-02-07T07:33:30+00:00","",""
"procedure-surgery","https://sportsorthopedics.in/procedure-surgery/hip-replacement-thr/","2025-02-07T07:17:11+00:00","",""
"procedure-surgery","https://sportsorthopedics.in/procedure-surgery/high-tibial-osteotomy-or-hto/","2025-02-07T07:13:41+00:00","",""
"procedure-surgery","https://sportsorthopedics.in/procedure-surgery/hamstring-repair-surgery/","2025-02-07T06:49:29+00:00","",""
"procedure-surgery","https://sportsorthopedics.in/procedure-surgery/golfers-elbow-treatment/","2025-02-07T06:45:35+00:00","",""
"procedure-surgery","https://sportsorthopedics.in/procedure-surgery/frozen-shoulder-treatment/","2025-02-07T06:37:14+00:00","",""
"procedure-surgery","https://sportsorthopedics.in/procedure-surgery/carpal-tunnel-syndrome-management/","2025-02-07T06:34:23+00:00","",""
"procedure-surgery","https://sportsorthopedics.in/procedure-surgery/bunion-surgery/","2025-02-07T06:28:19+00:00","",""
"procedure-surgery","https://sportsorthopedics.in/procedure-surgery/bankarts-repair-or-labral-repair/","2025-02-07T06:11:22+00:00","",""
"procedure-surgery","https://sportsorthopedics.in/procedure-surgery/avascular-necrosis-hip-treatment/","2025-02-05T14:40:38+00:00","",""
"procedure-surgery","https://sportsorthopedics.in/procedure-surgery/arthroscopy-shoulder/","2025-02-05T14:38:20+00:00","",""
"procedure-surgery","https://sportsorthopedics.in/procedure-surgery/arthroscopy-knee/","2025-02-05T14:35:41+00:00","",""
"procedure-surgery","https://sportsorthopedics.in/procedure-surgery/ankle-ligament-surgery/","2025-02-05T14:28:36+00:00","",""
"procedure-surgery","https://sportsorthopedics.in/procedure-surgery/acl-treatment-options/","2025-02-05T14:27:06+00:00","",""
"procedure-surgery","https://sportsorthopedics.in/procedure-surgery/achilles-tendon-repair-surgery/","2025-02-05T14:22:57+00:00","",""
"procedure-surgery","https://sportsorthopedics.in/procedure-surgery/achilles-tendinopathy-surgery/","2025-02-05T14:22:25+00:00","",""
"procedure-surgery","https://sportsorthopedics.in/procedure-surgery/ac-joint-reconstruction/","2025-02-05T14:13:56+00:00","",""
"procedure-surgery","https://sportsorthopedics.in/procedure-surgery/arthrodesis-joint-fusion/","2025-01-31T04:09:30+00:00","",""
"bone-joint-school","https://sportsorthopedics.in/bone-joint-school/","2025-04-04T11:26:37+00:00","",""
"bone-joint-school","https://sportsorthopedics.in/bone-joint-school/fitness/","2025-04-04T11:26:37+00:00","",""
"bone-joint-school","https://sportsorthopedics.in/bone-joint-school/hip-pain/","2025-04-04T11:09:17+00:00","",""
"bone-joint-school","https://sportsorthopedics.in/bone-joint-school/patellar-tendinopathy/","2025-03-17T12:41:13+00:00","",""
"bone-joint-school","https://sportsorthopedics.in/bone-joint-school/avn-hip/","2025-03-17T12:37:21+00:00","",""
"bone-joint-school","https://sportsorthopedics.in/bone-joint-school/wrist-pain/","2025-01-31T20:33:41+00:00","",""
"bone-joint-school","https://sportsorthopedics.in/bone-joint-school/trigger-finger/","2025-01-31T20:28:39+00:00","",""
"bone-joint-school","https://sportsorthopedics.in/bone-joint-school/tfcc-ligament-tear/","2025-01-31T20:23:55+00:00","",""
"bone-joint-school","https://sportsorthopedics.in/bone-joint-school/tennis-elbow/","2025-01-31T20:18:30+00:00","",""
"bone-joint-school","https://sportsorthopedics.in/bone-joint-school/sports-orthopedics/","2025-01-31T20:13:15+00:00","",""
"bone-joint-school","https://sportsorthopedics.in/bone-joint-school/shoulder-pain/","2025-01-31T20:07:33+00:00","",""
"bone-joint-school","https://sportsorthopedics.in/bone-joint-school/shoulder-impingement/","2025-01-31T19:58:55+00:00","",""
"bone-joint-school","https://sportsorthopedics.in/bone-joint-school/shoulder-dislocation/","2025-01-31T19:52:49+00:00","",""
"bone-joint-school","https://sportsorthopedics.in/bone-joint-school/slap-tear/","2025-01-31T09:31:22+00:00","",""
"bone-joint-school","https://sportsorthopedics.in/bone-joint-school/rotator-cuff-repair/","2025-01-31T09:20:15+00:00","",""
"bone-joint-school","https://sportsorthopedics.in/bone-joint-school/meniscal-tear/","2025-01-31T09:11:36+00:00","",""
"bone-joint-school","https://sportsorthopedics.in/bone-joint-school/mcl-injury/","2025-01-31T09:06:53+00:00","",""
"bone-joint-school","https://sportsorthopedics.in/bone-joint-school/plantar-fasciitis/","2025-01-31T01:31:45+00:00","",""
"bone-joint-school","https://sportsorthopedics.in/bone-joint-school/pcl-injury/","2025-01-31T00:46:05+00:00","",""
"bone-joint-school","https://sportsorthopedics.in/bone-joint-school/patellar-dislocation/","2025-01-31T00:31:46+00:00","",""
"bone-joint-school","https://sportsorthopedics.in/bone-joint-school/osteochondritis-dissecans/","2025-01-31T00:28:28+00:00","",""
"bone-joint-school","https://sportsorthopedics.in/bone-joint-school/lcl-injury/","2025-01-31T00:21:21+00:00","",""
"bone-joint-school","https://sportsorthopedics.in/bone-joint-school/knee-pain/","2025-01-31T00:16:26+00:00","",""
"bone-joint-school","https://sportsorthopedics.in/bone-joint-school/knee-arthritis/","2025-01-31T00:13:04+00:00","",""
"bone-joint-school","https://sportsorthopedics.in/bone-joint-school/hamstring-strain/","2025-01-31T00:06:43+00:00","",""
"bone-joint-school","https://sportsorthopedics.in/bone-joint-school/golfers-elbow/","2025-01-31T00:00:55+00:00","",""
"bone-joint-school","https://sportsorthopedics.in/bone-joint-school/frozen-shoulder/","2025-01-30T23:58:12+00:00","",""
"bone-joint-school","https://sportsorthopedics.in/bone-joint-school/foot-pain/","2025-01-30T23:52:48+00:00","",""
"bone-joint-school","https://sportsorthopedics.in/bone-joint-school/fat-pad-impingement-knee/","2025-01-27T22:38:35+00:00","",""
"bone-joint-school","https://sportsorthopedics.in/bone-joint-school/elbow-pain/","2025-01-27T22:32:33+00:00","",""
"bone-joint-school","https://sportsorthopedics.in/bone-joint-school/de-quervains-tenosynovitis/","2025-01-27T22:20:04+00:00","",""
"bone-joint-school","https://sportsorthopedics.in/bone-joint-school/chondromalacia-patella/","2025-01-27T22:14:32+00:00","",""
"bone-joint-school","https://sportsorthopedics.in/bone-joint-school/cartilage-tear/","2025-01-27T22:02:41+00:00","",""
"bone-joint-school","https://sportsorthopedics.in/bone-joint-school/ankle-pain/","2025-01-27T21:18:47+00:00","",""
"bone-joint-school","https://sportsorthopedics.in/bone-joint-school/atfl-ligament-injury-ankle/","2025-01-27T21:07:21+00:00","",""
"bone-joint-school","https://sportsorthopedics.in/bone-joint-school/acl-retear/","2025-01-27T21:01:01+00:00","",""
"bone-joint-school","https://sportsorthopedics.in/bone-joint-school/acl-injury/","2025-01-27T20:53:45+00:00","",""
"bone-joint-school","https://sportsorthopedics.in/bone-joint-school/achilles-tendon-tear/","2025-01-27T20:46:59+00:00","",""
"bone-joint-school","https://sportsorthopedics.in/bone-joint-school/ac-joint-reconstruction/","2025-01-27T20:36:23+00:00","",""
"bone-joint-school","https://sportsorthopedics.in/bone-joint-school/annotations/","2025-01-27T20:31:14+00:00","",""
"surgeons-staff","https://sportsorthopedics.in/surgeons-staff/","2025-03-30T15:50:20+00:00","",""
"surgeons-staff","https://sportsorthopedics.in/surgeons-staff/dr-naveen-kumar-l-v/","2025-03-30T15:50:20+00:00","",""
"surgeons-staff","https://sportsorthopedics.in/surgeons-staff/shama-kellogg/","2025-02-02T22:06:10+00:00","",""
"surgeons-staff","https://sportsorthopedics.in/surgeons-staff/dr-sameer-km/","2025-02-02T22:05:18+00:00","",""
"publication","https://sportsorthopedics.in/publication/","2025-03-31T08:16:58+00:00","",""
"publication","https://sportsorthopedics.in/publication/acl-partial-tears/","2025-03-31T08:16:58+00:00","",""
"publication","https://sportsorthopedics.in/publication/why-did-my-knee-replacement-fail/","2025-03-31T08:15:12+00:00","",""
"publication","https://sportsorthopedics.in/publication/is-my-shoulder-sound/","2025-03-31T08:10:08+00:00","",""
"publication","https://sportsorthopedics.in/publication/atheletes-performance-summer/","2025-03-31T08:05:11+00:00","",""
"publication","https://sportsorthopedics.in/publication/acl-ligament-made-simple/","2025-03-31T08:01:16+00:00","",""
"publication","https://sportsorthopedics.in/publication/stem-cell-therapy-avn-hip/","2025-01-29T13:17:19+00:00","",""
"publication","https://sportsorthopedics.in/publication/disease-on-this-world-arthritis-day-2023/","2025-01-29T13:12:03+00:00","",""
"publication","https://sportsorthopedics.in/publication/knee-cartilage-loss/","2025-01-29T13:09:53+00:00","",""
"publication","https://sportsorthopedics.in/publication/ankle-ligament-reconstruction/","2025-01-29T13:03:46+00:00","",""
"publication","https://sportsorthopedics.in/publication/rotator-cuff-injury/","2025-01-29T12:19:50+00:00","",""
"category","https://sportsorthopedics.in/category/uncategorized/","2025-03-31T08:06:45+00:00","",""
"category","https://sportsorthopedics.in/category/treatments/","2025-02-26T13:11:11+00:00","",""
"category","https://sportsorthopedics.in/category/acl/","2025-03-27T06:22:05+00:00","",""
"category","https://sportsorthopedics.in/category/meniscus-tears/","2025-04-04T08:27:02+00:00","",""
"category","https://sportsorthopedics.in/category/knee-treatment/","2025-03-28T11:19:44+00:00","",""