Key,Value
Metadata_URL,https://sportsorthopedics.in/core-decompression-for-avn/
Metadata_Type,post
Metadata_Title,"Core Decompression for AVN: Procedure, Recovery & Benefits"
Metadata_Scraped,2025-04-05T17:45:46.107Z
PageTitle,"February 19, 2025"
Paragraph,"Core Decompression for AVN: Procedure, Recovery & Benefits
Core Decompression for AVN: Procedure and BenefitsIntroductionAvascular Necrosis (AVN), also known as osteonecrosis, is a debilitating condition that occurs when the blood supply to a bone is disrupted, leading to bone tissue death. If left untreated, AVN can progress to severe joint damage, necessitating total joint replacement.Core decompression is a surgical procedure aimed at relieving pressure within the bone, restoring blood flow, and preventing further degeneration. This minimally invasive technique is particularly beneficial in the early stages of AVN, offering patients a chance to preserve their natural joints and maintain mobility.This article will explore core decompression, including the procedure, benefits, risks, recovery, and long-term outlook.Understanding Avascular Necrosis (AVN)What is AVN?AVN is a medical condition where the bone tissue dies due to a lack of blood supply. It commonly affects the femoral head (zjoint) but can occur in other joints such as the knee, shoulder, and ankle.Causes of AVNSeveral factors can contribute to AVN, including:Trauma or injury: A fracture or dislocation can disrupt blood flow to the bone.Chronic steroid use: Long-term use of corticosteroids can affect blood circulation.Alcohol abuse: Excessive alcohol intake can lead to fatty deposits in blood vessels, restricting blood flow.Medical conditions: Sickle cell disease, lupus, and clotting disorders increase AVN risk.Idiopathic AVN: In some cases, the cause is unknown.Symptoms and Stages of AVNThe symptoms of AVN develop gradually and worsen over time. Early-stage AVN may present mild discomfort, while advanced AVN can lead to severe pain and joint collapse.Stage 1: No visible changes on X-ray; MRI may detect early bone damage.Stage 2: Small areas of bone loss become visible on X-ray.Stage 3: Bone starts to collapse, causing significant pain and stiffness.Stage 4: Joint surfaces deteriorate, leading to arthritis and severe disability.What is Core Decompression?Definition and PurposeCore decompression is a surgical technique used to treat AVN by drilling small holes into the affected bone. This reduces pressure, stimulates new blood vessel formation, and encourages bone regeneration.How Core Decompression Helps AVN PatientsPain relief: Reduces intra-bone pressure, alleviating discomfort.Prevents further bone damage: Delays or eliminates the need for joint replacement.Enhances healing: Encourages bone repair and regrowth.When Core Decompression is RecommendedThis procedure is most effective in early-stage AVN (Stages 1 and 2) before the bone collapses. It is usually recommended for younger patients who wish to preserve their natural joint.Core Decompression ProcedurePreoperative EvaluationBefore surgery, doctors perform a thorough evaluation, including:MRI and X-rays to assess bone damage.Blood tests to check for underlying conditions.Medical history review to identify risk factors.Step-by-Step Surgical ProcedureAnesthesia: The patient is given either general or regional anesthesia.Incision: A small incision is made over the affected bone.Drilling the core: A surgeon drills small tunnels into the necrotic area to relieve pressure and promote blood flow.Bone grafting (optional): In some cases, stem cells or bone grafts are placed in the drilled holes to enhance healing.Closure: The incision is stitched, and a bandage is applied.Recovery and Healing ProcessFirst few weeks: Limited weight-bearing with crutches or a walker.4-6 weeks: Gradual increase in activity as healing progresses.3-6 months: Most patients experience significant improvement.Benefits of Core DecompressionPain Relief and Improved MobilityBy relieving internal bone pressure, core decompression significantly reduces pain and restores joint function.Prevention of Further Bone DamageWhen performed early, this procedure prevents AVN from progressing to joint collapse, delaying or avoiding the need for total joint replacement.High Success Rate in Early-Stage AVNStudies show that 70-80% of patients with Stage 1 or 2 AVN experience successful outcomes with core decompression.Risks and Complications of Core DecompressionLike any surgical procedure, core decompression comes with potential risks. However, when performed by an experienced surgeon, complications are minimal.Potential Side Effects and ComplicationsInfection: Though rare, infections can occur at the surgical site.Fracture: The drilled holes may weaken the bone, increasing the risk of a fracture.Failure to heal: Some patients may not experience significant pain relief if AVN has progressed too far.Blood clots: Post-surgical immobility may increase the risk of deep vein thrombosis (DVT).Success Rate and Failure CasesStage 1 and 2 AVN: Success rates are 70-80%, with significant symptom improvement.Stage 3 and beyond: The success rate drops, and total hip replacement may become necessary.How to Minimize RisksFollow postoperative care guidelines strictly.Use crutches or a walker to avoid excessive weight-bearing.Engage in physical therapy to strengthen the surrounding muscles.Who is a Good Candidate for Core Decompression?Age and Health ConsiderationsIdeal for younger patients (under 50 years old) who want to delay joint replacement.Patients with good overall health and no severe comorbidities.Stages of AVN Suitable for SurgeryBest suited for Stage 1 and Stage 2 AVN, before significant bone collapse.Less effective for Stage 3 and 4, where joint damage is severe.Alternative Treatments for Non-Eligible PatientsTotal Hip Replacement (THR): Best for advanced-stage AVN.Stem Cell Therapy: May help regenerate bone tissue.Pain Management & Lifestyle Changes: Medications, physical therapy, and diet modifications can slow AVN progression.Core Decompression vs. Other TreatmentsComparison with Hip ReplacementFeatureCore DecompressionHip ReplacementBest forEarly-stage AVN (1-2)Late-stage AVN (3-4)InvasivenessMinimally invasiveMajor surgeryRecovery Time3-6 months6-12 monthsJoint PreservationYesNo (artificial joint)CostLess expensiveMore expensiveStem Cell Therapy and PRP TreatmentsStem cell injections: May enhance bone regeneration when combined with core decompression.Platelet-Rich Plasma (PRP) therapy: Helps reduce inflammation and promote healing.Conservative Management (Medications, Lifestyle Changes)NSAIDs (e.g., ibuprofen): Help manage pain and inflammation.Bisphosphonates: Medications that slow bone loss.Low-impact exercises (swimming, cycling): Help maintain joint function.Post-Surgery Rehabilitation and RecoveryRecovering from core decompression is a gradual process that requires patience and commitment to physical therapy. The success of the surgery largely depends on how well a patient follows post-surgery rehabilitation guidelines. Below is a detailed breakdown of the recovery process, physical therapy exercises, and tips for a smooth healing journey.Physical Therapy and Exercises1. Gentle Range-of-Motion Exercises (First 6 Weeks)Why It’s Important: Prevents stiffness and maintains flexibility.Examples:Ankle pumps: Moving your ankle up and down to stimulate blood flow.Leg lifts: Lifting your leg while lying down to prevent muscle weakening.Hip abductions: Moving your leg sideways while lying down to maintain mobility.How Often: 2-3 times daily, under the guidance of a physiotherapist.2. Strength Training (6-8 Weeks Post-Surgery)Why It’s Important: Strengthens the muscles around the affected joint, providing better support.Examples:Quadriceps exercises: Tightening the thigh muscles while keeping the leg straight.Glute bridges: Strengthening the lower back and hip muscles.Water therapy: Walking in water helps build strength without stress on joints.How Often: 3-4 times per week.3. Low-Impact Activities (3-6 Months Post-Surgery)Why It’s Important: Improves mobility without putting excessive pressure on the bones.Best Activities:Swimming: Provides a full-body workout without joint stress.Cycling (stationary or outdoor): Strengthens leg muscles while improving circulation.Elliptical trainer: Offers cardiovascular benefits with minimal impact on the joints.How Often: Gradually increase activity levels over time, but avoid overexertion.Timeline for Returning to Normal ActivitiesTime After SurgeryRecommended Activity LevelFirst 6 weeksNon-weight-bearing with crutches or walker.6-12 weeksGradual weight-bearing as tolerated.3-6 monthsWalking with minimal support, returning to most daily activities.1 yearFull recovery for most patients; can resume light jogging or sports.Tips for a Smooth RecoveryAvoid high-impact activities such as running, jumping, and heavy lifting for at least a year.Follow a nutrient-rich diet including calcium, vitamin D, and protein to support bone healing.Use assistive devices like crutches or braces to reduce strain on the affected joint.Stay consistent with physical therapy to regain strength and mobility.Monitor for signs of complications (increased pain, swelling, or infection) and report them to your doctor immediately.Long-Term Outlook and Success StoriesThe long-term effectiveness of core decompression depends on early intervention, adherence to rehabilitation protocols, and lifestyle modifications.How Long Do the Benefits Last?In early-stage AVN (Stages 1-2), core decompression can delay or prevent the need for total hip replacement for 5-10 years or more.The outcome is improved if patients maintain a healthy weight, exercise regularly, and avoid AVN risk factors like alcohol and steroid overuse.In later stages (Stage 3-4), core decompression may provide temporary relief but is less effective in preventing joint deterioration.Lifestyle Changes for Maintaining Hip HealthMaintain a healthy weight to reduce stress on the joints.Stay active with non-weight-bearing exercises like swimming, cycling, and yoga.Avoid excessive alcohol and steroid use, as these can contribute to AVN progression.Monitor joint health regularly through X-rays and MRI scans if symptoms return.Cost of Core Decompression SurgeryThe cost of core decompression varies depending on location, hospital reputation, surgeon’s expertise, and additional treatments such as stem cell therapy.Insurance Coverage and Financial AssistanceMost health insurance plans cover core decompression if it is deemed medically necessary.Patients can apply for government health schemes, medical loans, or hospital payment plans if insurance does not cover the full cost.Factors Affecting the CostHospital Reputation and Location: Private hospitals tend to charge more than government institutions.Surgeon’s Expertise: Experienced orthopedic surgeons may charge higher fees.Additional Procedures: Bone grafting or stem cell therapy can increase the cost significantly.Lifestyle Modifications to Support HealingHealing after core decompression requires long-term lifestyle adjustments to prevent AVN from returning.Diet and NutritionIncrease calcium and vitamin D intake through dairy, leafy greens, and fortified foods.Eat lean proteins (chicken, fish, legumes) to support muscle and bone recovery.Limit processed foods and excessive salt to prevent inflammation.Weight ControlMaintaining a healthy BMI reduces pressure on the joints, promoting longevity of the decompressed bone.Engage in low-impact workouts and follow a balanced diet.Avoid Smoking and AlcoholSmoking restricts blood flow to the bones, slowing down healing.Excessive alcohol consumption can worsen AVN by affecting bone metabolism.Alternative and Complementary TherapiesSome patients explore alternative treatments alongside core decompression to enhance recovery.PhysiotherapyHelps reduce stiffness and improve joint mobility.Prevents muscle atrophy by keeping surrounding muscles active.SupplementsCollagen and glucosamine: Support joint health and cartilage regeneration.Omega-3 fatty acids: Help reduce inflammation.AcupunctureSome patients find acupuncture beneficial for pain relief and improved circulation.Frequently Asked Questions (FAQs) 1. How painful is the surgery and recovery process?The procedure is not painful due to anesthesia, but mild discomfort is expected during recovery. Pain is managed with medications and physiotherapy.2. What is the success rate of core decompression?70-80% success rate for early-stage AVN patients.Success declines in advanced AVN cases where joint damage is severe.3. Can AVN return after the procedure?Yes, especially if risk factors (e.g., alcohol, steroids, obesity) are not controlled. Regular follow-ups and lifestyle changes help prevent recurrence.4. Are there any permanent restrictions after surgery?Patients should avoid high-impact activities like running and jumping.Daily activities and low-impact exercises can be resumed after full recovery.5. How soon can I walk after core decompression?Partial weight-bearing starts at 6 weeks post-surgery.Full mobility is typically restored within 3-6 months, depending on rehabilitation progress.ConclusionCore decompression is a proven treatment for early-stage AVN. It significantly reduces pain and delays the need for joint replacement. With proper rehabilitation, lifestyle changes, and alternative therapies, patients can achieve long-term success and maintain their joint health for years.If you or a loved one is considering core decompression, consult an orthopedic specialist to determine the best treatment plan."
Heading,Uncategorized
Paragraph,"Insertional Achilles Tendinitis: Causes, Symptoms, and Cure"
Heading,Uncategorized
Heading,Bunion Surgery Recovery: Week by Week Guide
Heading,Uncategorized
Heading,Arthroscopic Bankart Repair Procedure: A Detail Guide